Product,max_capacity,location,email,contact,cost_per_commodity
Clothing,93,California,smccorrie0@ustream.tv,916-470-1296,$601.87
Music,239,California,egabbitas1@hostgator.com,323-457-8395,$316.02
Music,299,California,apilkinton2@pinterest.com,916-677-9379,$970.96
Toys,290,California,echolonin3@bloglines.com,916-649-7683,$587.55
Computers,143,California,vyoungs4@usa.gov,805-272-2715,$642.63
Beauty,191,California,fhaglinton5@rediff.com,310-118-9218,$716.88
Shoes,245,California,kmitkov6@live.com,916-660-0603,$176.40
Electronics,178,California,gwalne7@cbc.ca,408-959-8824,$756.91
Shoes,474,California,emccalister8@booking.com,562-896-1447,$479.78
Grocery,344,California,kformigli9@admin.ch,951-657-5772,$543.84
Home,90,California,mharviea@feedburner.com,916-702-1638,$484.16
Garden,469,California,rdunstoneb@furl.net,626-726-6963,$680.97
Baby,367,California,fhowittc@mlb.com,805-895-1447,$687.57
Industrial,279,California,ihallihand@prnewswire.com,661-746-0411,$849.42
Grocery,92,California,telloite@blinklist.com,619-439-0594,$529.71
Sports,114,California,lskehanf@desdev.cn,310-403-4726,$620.99
Computers,252,California,hphysickg@pinterest.com,310-188-8594,$838.21
Baby,31,California,iguisoth@soup.io,626-782-2001,$825.00
Electronics,382,California,lbrychani@unesco.org,415-101-0671,$659.54
Baby,410,California,glawransonj@cdc.gov,916-370-5545,$363.39
Jewelry,386,California,wminihank@unesco.org,626-866-4996,$76.96
Health,397,California,jbuggyl@skype.com,818-447-6494,$782.33
Movies,374,California,awyllism@mediafire.com,562-254-8822,$920.90
Baby,165,California,aarnaudonn@japanpost.jp,562-886-1858,$378.42
Home,297,California,gmiliuso@ted.com,661-830-4298,$995.51
Tools,359,California,iwoodgerp@cdbaby.com,949-286-1452,$789.59
Jewelry,224,California,cpedelq@dot.gov,562-312-6863,$713.22
Toys,464,California,bdancyr@weather.com,213-424-8381,$222.52
Outdoors,215,California,edeveys@alibaba.com,760-864-1241,$136.13
Garden,98,California,sdarellt@google.de,916-760-8993,$855.90
Industrial,388,California,ekassmanu@examiner.com,415-793-3178,$160.12
Computers,154,California,zhowelv@ucoz.com,951-204-6085,$857.64
Music,38,California,cschindlerw@aol.com,805-283-7217,$914.48
Baby,104,California,nbuyex@merriam-webster.com,209-975-3843,$712.34
Kids,306,California,efudgey@telegraph.co.uk,559-866-9019,$913.70
Kids,276,California,ghousinz@scribd.com,626-737-6618,$597.37
Computers,61,California,lthynne10@blogs.com,949-650-7241,$208.93
Outdoors,396,California,rmackimmie11@lulu.com,415-687-8816,$26.34
Kids,169,California,agerred12@delicious.com,909-174-7670,$866.22
Outdoors,311,California,dgreystock13@toplist.cz,510-778-8107,$471.43
Automotive,468,California,nbatecok14@amazon.co.jp,408-178-0050,$754.46
Sports,91,California,stodaro15@so-net.ne.jp,559-380-3880,$989.68
Books,371,California,dtowersey16@webnode.com,559-671-2492,$399.60
Clothing,404,California,bpendrigh17@rakuten.co.jp,626-278-0816,$376.74
Toys,422,California,enovotna18@typepad.com,831-596-0296,$895.51
Toys,225,California,gworters19@ed.gov,408-928-9540,$149.68
Baby,178,California,mbiagi1a@npr.org,661-713-8206,$255.13
Books,45,California,cboeter1b@admin.ch,760-998-3231,$940.27
Tools,125,California,lquinsee1c@plala.or.jp,951-274-9141,$420.06
Electronics,476,California,faliman1d@storify.com,760-806-9795,$922.73
Toys,283,California,yarmfield1e@jigsy.com,310-352-5776,$492.23
Outdoors,332,California,mdenington1f@go.com,510-483-5059,$932.66
Sports,318,California,whanniger1g@usgs.gov,805-618-0699,$631.09
Tools,456,California,dcordsen1h@wix.com,213-369-2857,$662.51
Shoes,329,California,strewett1i@cbc.ca,415-497-2541,$654.24
Outdoors,47,California,capplebee1j@bloomberg.com,760-284-9002,$396.15
Beauty,49,California,kbewshire1k@java.com,707-870-0449,$8.41
Sports,120,California,dschnitter1l@miibeian.gov.cn,323-586-4226,$262.38
Garden,205,California,ralldre1m@wix.com,909-810-8286,$782.05
Movies,107,California,ewhitwood1n@microsoft.com,714-207-6866,$298.71
Grocery,93,California,abarwell1o@wikimedia.org,951-625-8878,$783.19
Sports,449,California,awewell1p@1688.com,760-776-2589,$724.50
Movies,145,California,sdenver1q@icio.us,510-578-1252,$860.63
Garden,79,California,eiffe1r@loc.gov,951-963-0355,$787.52
Health,260,California,cleedal1s@clickbank.net,619-801-5005,$50.75
Jewelry,306,California,dsarll1t@fema.gov,619-239-2347,$811.31
Clothing,368,California,edingate1u@nbcnews.com,858-893-5102,$19.36
Movies,309,California,svitet1v@sbwire.com,949-527-3409,$63.66
Outdoors,420,California,mhamilton1w@free.fr,949-317-3932,$928.96
Kids,475,California,bdoddrell1x@com.com,530-698-6314,$171.75
Toys,467,California,gmoss1y@narod.ru,323-177-6474,$489.11
Kids,407,California,oethington1z@foxnews.com,831-496-8855,$895.56
Kids,396,California,gmccartney20@hexun.com,415-623-8018,$856.59
Tools,196,California,cortell21@gizmodo.com,559-419-4482,$851.98
Kids,486,California,reykel22@yale.edu,562-189-0078,$246.06
Electronics,331,California,astqueintain23@samsung.com,510-120-3624,$996.37
Toys,255,California,eleathe24@mlb.com,562-994-5652,$233.77
Movies,228,California,ufearenside25@miitbeian.gov.cn,310-427-6032,$695.03
Garden,494,California,vhazeley26@ibm.com,619-593-0280,$424.24
Health,25,California,mdelph27@uol.com.br,323-719-5687,$383.27
Clothing,483,California,dtyrone28@chron.com,909-370-0272,$470.37
Baby,304,California,farnow29@squidoo.com,415-595-8080,$687.61
Outdoors,205,California,ahallum2a@narod.ru,661-366-5943,$681.65
Outdoors,131,California,kbawden2b@spiegel.de,949-238-0875,$506.26
Tools,230,California,fpaunton2c@ehow.com,818-639-3917,$156.75
Shoes,11,California,cgamet2d@sakura.ne.jp,951-265-2393,$688.77
Games,259,California,arickson2e@seattletimes.com,909-278-3637,$823.13
Grocery,356,California,bdimbylow2f@gizmodo.com,510-954-2097,$891.82
Health,192,California,mpopland2g@nasa.gov,323-781-0352,$743.33
Shoes,216,California,mstourton2h@foxnews.com,916-387-7761,$113.51
Clothing,109,California,dsummerell2i@devhub.com,559-848-2388,$583.22
Clothing,473,California,dmcelory2j@wufoo.com,619-513-2993,$266.01
Movies,84,California,oghidelli2k@ehow.com,559-718-9122,$480.59
Health,132,California,lpeasee2l@bloomberg.com,661-284-7916,$686.98
Music,277,California,nattfield2m@answers.com,619-711-7031,$446.03
Toys,86,California,jkeelinge2n@trellian.com,619-896-7946,$508.78
Kids,432,California,jroles2o@networksolutions.com,858-396-9603,$335.48
Home,318,California,pcummine2p@bravesites.com,619-543-2564,$42.30
Toys,216,California,ipickance2q@diigo.com,559-730-1900,$130.51
Music,358,California,aarstingall2r@nytimes.com,408-857-6325,$705.37
Books,33,California,gdalman2s@sogou.com,916-475-4754,$380.18
Beauty,304,California,emattioli2t@purevolume.com,714-653-4639,$456.80
Tools,420,California,gpetrushka2u@w3.org,323-172-2137,$982.91
Movies,437,California,ktesto2v@cam.ac.uk,805-336-1613,$847.19
Beauty,234,California,rwilliscroft2w@eepurl.com,916-629-1264,$261.12
Home,320,California,fyoodall2x@is.gd,916-731-9788,$523.06
Grocery,34,California,gcotterel2y@altervista.org,661-599-8238,$475.76
Beauty,193,California,ahickenbottom2z@phoca.cz,714-902-9394,$32.26
Industrial,284,California,tcancellor30@narod.ru,805-406-2097,$343.30
Outdoors,172,California,onoller31@un.org,916-145-1047,$669.56
Outdoors,329,California,fovenell32@cpanel.net,415-973-2884,$106.80
Automotive,375,California,dvenard33@addthis.com,818-312-1044,$382.13
Movies,464,California,jcorke34@bing.com,323-478-8831,$921.65
Computers,186,California,hklaas35@house.gov,858-947-7970,$187.18
Grocery,46,California,gnoen36@mayoclinic.com,415-891-5035,$155.49
Garden,497,California,aleavens37@google.de,209-948-8919,$375.07
Beauty,31,California,jgisby38@ted.com,213-608-3560,$397.73
Toys,484,California,fwhitewood39@joomla.org,858-330-4326,$850.16
Home,8,California,cdudgeon3a@xrea.com,818-523-0093,$116.42
Beauty,123,California,sdee3b@mail.ru,562-586-1253,$971.68
Movies,197,California,ghoneywood3c@github.io,714-153-7957,$267.39
Toys,336,California,lcrittal3d@bandcamp.com,213-848-3634,$513.56
Clothing,369,California,kmccrohon3e@intel.com,916-295-4863,$52.79
Beauty,388,California,jdefries3f@wikipedia.org,415-212-5782,$139.22
Music,148,California,fcorain3g@huffingtonpost.com,619-945-3538,$89.80
Toys,18,California,arangeley3h@deliciousdays.com,626-769-2690,$18.24
Movies,459,California,idurn3i@example.com,818-348-3443,$302.07
Jewelry,153,California,gyarn3j@360.cn,858-327-7009,$40.45
Garden,413,California,ndanieli3k@rambler.ru,626-972-7805,$302.81
Home,438,California,fbaldree3l@hc360.com,209-281-9118,$928.18
Music,341,California,bmacswayde3m@netlog.com,209-821-6434,$89.56
Clothing,254,California,dcorking3n@un.org,909-342-9832,$364.94
Electronics,431,California,mollie3o@google.cn,916-763-9695,$806.16
Garden,380,California,mruos3p@wikimedia.org,626-124-4789,$798.78
Shoes,243,California,elonghorne3q@de.vu,530-714-7842,$6.31
Movies,445,California,rbourner3r@newyorker.com,909-910-4348,$732.74
Movies,485,California,lmcgrory3s@google.fr,310-613-0064,$328.67
Jewelry,18,California,efitzroy3t@youku.com,213-917-3678,$174.22
Music,328,California,dbullcock3u@hatena.ne.jp,916-625-9467,$167.07
Baby,134,California,ffreiburger3v@stanford.edu,619-766-0586,$678.23
Jewelry,337,California,pcornewell3w@paypal.com,805-759-0630,$491.99
Beauty,94,California,kdrever3x@upenn.edu,805-146-1695,$95.90
Home,14,California,blohden3y@home.pl,559-186-0781,$862.42
Shoes,495,California,jwilstead3z@ucoz.ru,209-454-6418,$952.98
Clothing,367,California,dchaize40@upenn.edu,510-707-2391,$690.75
Industrial,249,California,sscain41@last.fm,818-991-6571,$883.30
Sports,288,California,kkinglake42@topsy.com,951-702-8266,$351.26
Games,211,California,mclacson43@tinyurl.com,310-651-6429,$578.91
Beauty,5,California,jpistol44@clickbank.net,510-650-6950,$318.84
Kids,224,California,bmccarroll45@smh.com.au,949-444-5389,$542.88
Grocery,380,California,jdecarlo46@flickr.com,510-216-5617,$794.93
Kids,157,California,sthormwell47@prlog.org,323-497-4675,$416.11
Automotive,406,California,cmarcoolyn48@indiatimes.com,415-916-1178,$548.70
Health,371,California,bgrishagin49@cnbc.com,916-750-0010,$738.12
Garden,159,California,chender4a@diigo.com,714-578-3145,$32.48
Clothing,181,California,rpretsel4b@nih.gov,650-396-4786,$873.60
Beauty,134,California,fretallick4c@eventbrite.com,949-766-7221,$450.58
Health,429,California,adraysay4d@go.com,909-768-1470,$61.34
Home,265,California,aedridge4e@xing.com,213-927-4288,$816.48
Outdoors,12,California,pmoakes4f@amazon.com,408-863-3316,$271.32
Baby,82,California,dvamplew4g@weebly.com,707-351-1254,$636.42
Industrial,82,California,lpahler4h@google.nl,909-826-2220,$925.23
Home,264,California,wmcmanus4i@about.me,213-497-6825,$824.92
Baby,3,California,bricciardello4j@networksolutions.com,714-805-1895,$137.44
Music,73,California,dtopham4k@mapy.cz,760-187-8210,$609.84
Computers,269,California,cskillitt4l@ebay.com,559-424-9602,$893.21
Shoes,268,California,dgatsby4m@theatlantic.com,415-148-0597,$465.08
Outdoors,147,California,pbonds4n@buzzfeed.com,415-274-5343,$462.12
Garden,20,California,pfrend4o@yolasite.com,818-238-0219,$619.85
Automotive,479,California,mcrafter4p@amazonaws.com,626-556-5946,$534.53
Sports,38,California,gfairbanks4q@reddit.com,510-773-9411,$907.45
Games,206,California,ekrolak4r@si.edu,714-762-2197,$831.83
Toys,493,California,cparadine4s@opensource.org,818-335-9815,$627.03
Games,378,California,ineligan4t@boston.com,858-186-9555,$63.20
Toys,497,California,cmcdougal4u@cafepress.com,760-964-4826,$757.38
Tools,451,California,lgasnell4v@youtube.com,661-763-8261,$214.60
Kids,324,California,wbrickell4w@e-recht24.de,213-643-4781,$570.82
Shoes,346,California,hfrye4x@umich.edu,415-755-0537,$377.37
Electronics,314,California,pbiaggi4y@utexas.edu,323-699-4703,$622.41
Health,161,California,fickovici4z@theglobeandmail.com,209-325-3170,$83.33
Games,175,California,lbogue50@tinyurl.com,415-444-5421,$803.50
Industrial,101,California,omusson51@freewebs.com,707-904-8246,$457.45
Automotive,388,California,cdecristofalo52@google.de,909-573-0197,$363.41
Automotive,43,California,kcantillion53@vistaprint.com,650-513-6811,$487.36
Home,11,California,cwomack54@apache.org,209-745-8801,$95.90
Beauty,79,California,jbreache55@toplist.cz,650-548-3741,$590.58
Kids,21,California,cnassi56@google.ru,213-647-2474,$550.34
Outdoors,48,California,edimaggio57@princeton.edu,209-462-6034,$674.78
Kids,115,California,fscotti58@free.fr,925-955-8710,$588.49
Sports,234,California,pkew59@wsj.com,310-885-9555,$710.42
Home,80,California,todrought5a@patch.com,951-544-5650,$59.09
Sports,247,California,dmacparlan5b@aboutads.info,530-732-9090,$755.79
Sports,3,California,gaikett5c@sina.com.cn,415-461-5479,$867.97
Industrial,205,California,kbassam5d@ustream.tv,415-235-2724,$155.45
Shoes,351,California,baskaw5e@omniture.com,323-339-8220,$248.66
Industrial,356,California,rbloxham5f@about.com,916-732-7242,$926.83
Tools,429,California,ecoil5g@blogspot.com,916-205-1787,$239.47
Tools,461,California,mchilles5h@goodreads.com,858-389-0349,$247.87
Automotive,273,California,wverduin5i@google.fr,415-632-8313,$36.47
Grocery,352,California,zfaley5j@mapquest.com,213-515-5535,$36.11
Kids,167,California,kacklands5k@hatena.ne.jp,916-297-8063,$34.98
Movies,130,California,fambage5l@cbslocal.com,805-139-3627,$493.93
Garden,249,California,clehrian5m@goodreads.com,916-309-2794,$853.75
Clothing,20,California,showchin5n@friendfeed.com,818-623-7201,$491.62
Electronics,266,California,asayse5o@arizona.edu,562-573-6489,$884.56
Home,48,California,bkleinstein5p@latimes.com,619-439-6853,$399.20
Health,105,California,hhannaway5q@phpbb.com,323-538-1720,$458.91
Industrial,47,California,csnoxill5r@hexun.com,818-121-3415,$705.09
Computers,330,California,mmathes5s@google.es,562-710-5109,$694.62
Garden,70,California,hdovidian5t@spiegel.de,310-491-5392,$813.13
Toys,182,California,vfirman5u@theatlantic.com,213-897-2003,$994.28
Health,92,California,mgladdolph5v@example.com,951-124-4865,$358.26
Clothing,227,California,sdobson5w@ihg.com,760-942-1642,$481.90
Baby,5,California,zcotterell5x@sourceforge.net,626-866-2175,$419.18
Kids,62,California,metter5y@mysql.com,951-195-6018,$997.85
Kids,452,California,cbalsellie5z@cbslocal.com,818-503-3896,$76.93
Outdoors,99,California,sbeebis60@tmall.com,661-932-2418,$86.72
Music,437,California,ddepka61@google.cn,415-141-3521,$79.08
Computers,74,California,milyinykh62@japanpost.jp,626-598-8345,$753.01
Computers,337,California,bslopier63@techcrunch.com,760-288-3193,$901.89
Clothing,289,California,ayeulet64@paypal.com,619-550-4721,$817.53
Baby,107,California,sdevenport65@ucsd.edu,310-968-9522,$194.51
Clothing,217,California,hrichemond66@marriott.com,510-750-0168,$93.81
Automotive,43,California,hreyne67@google.co.jp,626-474-8161,$923.29
Grocery,277,California,hbryenton68@elpais.com,559-928-0493,$818.14
Outdoors,227,California,cstack69@fastcompany.com,310-880-7260,$481.80
Sports,129,California,sfarebrother6a@cargocollective.com,858-570-0643,$746.33
Health,63,California,nevreux6b@symantec.com,619-825-0678,$642.67
Baby,148,California,kblind6c@yahoo.co.jp,209-404-0616,$122.27
Industrial,211,California,estoggell6d@imageshack.us,510-167-5471,$852.26
Beauty,395,California,dtrodd6e@rambler.ru,619-187-3856,$866.43
Toys,102,California,kkinvig6f@mlb.com,562-426-7621,$256.61
Jewelry,119,California,parmin6g@china.com.cn,858-177-0253,$865.75
Clothing,272,California,sralton6h@seesaa.net,626-859-9001,$568.10
Computers,429,California,acanet6i@howstuffworks.com,619-961-0013,$269.89
Sports,48,California,sellin6j@multiply.com,714-845-1796,$340.35
Baby,245,California,jhatherill6k@blogger.com,650-676-1465,$69.27
Kids,434,California,jchippendale6l@columbia.edu,559-729-1226,$869.83
Garden,257,California,kbrassington6m@moonfruit.com,408-351-0156,$984.98
Kids,462,California,vcarlesso6n@merriam-webster.com,909-170-8289,$177.61
Jewelry,165,California,yfurman6o@dailymail.co.uk,408-864-7513,$997.83
Grocery,403,California,eselwyne6p@cnbc.com,661-662-7961,$690.99
Jewelry,256,California,tlyttle6q@japanpost.jp,415-709-5251,$78.69
Outdoors,392,California,pmedlar6r@ehow.com,949-656-4503,$410.47
Garden,324,California,gduesberry6s@ifeng.com,951-895-5796,$143.54
Movies,87,California,nmonk6t@myspace.com,510-991-1828,$762.78
Electronics,272,California,dgethyn6u@facebook.com,619-571-1516,$866.33
Music,378,California,gwalhedd6v@salon.com,858-852-9003,$779.59
Baby,182,California,ewestwood6w@dion.ne.jp,213-585-2015,$536.03
Shoes,28,California,eespley6x@unesco.org,562-156-7869,$212.38
Jewelry,486,California,kredsall6y@fc2.com,562-249-6240,$512.45
Grocery,394,California,mclappson6z@sakura.ne.jp,714-668-8087,$265.60
Kids,356,California,wmciver70@wikia.com,562-907-0695,$929.20
Baby,425,California,ttomaszynski71@cbslocal.com,626-151-2153,$577.34
Kids,145,California,ubroker72@globo.com,408-177-3990,$625.69
Garden,341,California,cdye73@twitpic.com,310-681-2465,$276.80
Health,168,California,hcabrer74@friendfeed.com,916-635-7364,$995.74
Industrial,409,California,cedinborough75@ehow.com,619-166-4859,$100.02
Outdoors,156,California,lnardi76@abc.net.au,714-279-1512,$533.78
Kids,216,California,mloyns77@shop-pro.jp,408-169-6845,$302.29
Sports,122,California,lsamudio78@cam.ac.uk,310-158-2573,$615.99
Electronics,215,California,umanilove79@constantcontact.com,559-198-1601,$968.37
Clothing,371,California,lodwyer7a@webmd.com,415-893-9440,$739.21
Kids,425,California,dbaggelley7b@oakley.com,805-187-6664,$96.93
Tools,90,California,lelcombe7c@discovery.com,858-449-7421,$745.87
Clothing,134,California,myurasov7d@storify.com,510-754-5453,$131.03
Computers,127,California,tgolden7e@vimeo.com,559-513-6276,$222.36
Outdoors,303,California,amaria7f@zdnet.com,510-667-9128,$791.60
Shoes,359,California,cmcsperrin7g@live.com,916-666-0052,$9.42
Beauty,367,California,ephilpot7h@nih.gov,510-539-2266,$52.92
Garden,151,California,rcawcutt7i@yelp.com,619-223-7756,$883.00
Books,319,California,rcantu7j@prlog.org,949-876-4702,$105.32
Sports,129,California,aweakley7k@uiuc.edu,408-588-2355,$771.56
Home,445,California,zspadelli7l@accuweather.com,408-708-2250,$63.09
Music,228,California,eronayne7m@merriam-webster.com,510-528-9846,$605.22
Electronics,48,California,wrebillard7n@acquirethisname.com,619-137-7848,$149.95
Health,413,California,jhuett7o@seattletimes.com,619-242-7631,$550.99
Grocery,212,California,lnolot7p@goodreads.com,951-533-9820,$481.32
Jewelry,282,California,aeverit7q@cnbc.com,619-834-1934,$766.68
Games,208,California,ccalway7r@engadget.com,559-838-7364,$373.83
Kids,447,California,awent7s@themeforest.net,949-278-9067,$360.25
Clothing,329,California,cgethins7t@tripod.com,213-586-6815,$960.36
Jewelry,350,California,iheineking7u@nifty.com,408-522-4092,$583.49
Electronics,490,California,ycraighall7v@elpais.com,559-114-9371,$919.56
Games,290,California,ojerdan7w@desdev.cn,415-782-6739,$939.35
Beauty,442,California,cgarrit7x@epa.gov,209-142-2122,$622.29
Sports,209,California,bcottham7y@constantcontact.com,213-440-9484,$532.10
Sports,9,California,zstallan7z@pbs.org,510-159-1736,$495.11
Garden,181,California,fsteels80@si.edu,805-650-7126,$476.68
Grocery,61,California,nrimmer81@scientificamerican.com,714-240-5362,$263.79
Industrial,481,California,pkeppe82@networksolutions.com,650-992-1903,$869.61
Electronics,232,California,bboase83@surveymonkey.com,916-379-2272,$253.29
Books,268,California,adoe84@hp.com,661-604-9445,$126.41
Movies,485,California,vbeddow85@ustream.tv,858-433-3969,$552.78
Computers,447,California,espilsbury86@examiner.com,619-916-9312,$183.22
Clothing,365,California,ebootman87@home.pl,714-236-2625,$342.00
Shoes,351,California,lveillard88@latimes.com,805-156-7066,$497.89
Computers,365,California,gjarnell89@qq.com,916-107-2459,$702.94
Health,458,California,mallard8a@forbes.com,831-133-2466,$347.78
Computers,377,California,lhaney8b@ehow.com,909-800-9601,$699.57
Home,397,California,lillingsworth8c@princeton.edu,925-246-2850,$359.94
Kids,204,California,cbeavon8d@addthis.com,562-979-9432,$669.77
Kids,141,California,dtilberry8e@go.com,805-526-7786,$615.12
Sports,424,California,qgorrie8f@cyberchimps.com,818-160-3168,$315.49
Grocery,467,California,thartill8g@cyberchimps.com,310-590-8720,$757.67
Music,123,California,efeldbau8h@jimdo.com,323-916-2460,$39.74
Toys,258,California,efashion8i@taobao.com,209-649-8704,$695.52
Outdoors,447,California,hbroom8j@edublogs.org,310-989-2067,$47.96
Garden,397,California,ehendriksen8k@army.mil,408-614-7772,$216.70
Movies,261,California,apeirson8l@cbc.ca,858-338-6686,$848.42
Electronics,69,California,tgrodden8m@mtv.com,858-789-0914,$733.87
Outdoors,58,California,rmcmillam8n@alibaba.com,714-826-7217,$155.56
Music,467,California,igouinlock8o@biglobe.ne.jp,619-581-3983,$987.52
Grocery,77,California,bbirdwistle8p@whitehouse.gov,213-965-2549,$703.85
Electronics,428,California,cheine8q@reference.com,916-705-1734,$361.86
Kids,34,California,kbatthew8r@over-blog.com,916-539-8371,$979.41
Outdoors,279,California,sstibbs8s@hhs.gov,619-499-7859,$524.05
Sports,122,California,erudolf8t@simplemachines.org,805-651-4896,$249.50
Tools,188,California,ejenny8u@imgur.com,415-544-7475,$265.44
Sports,308,California,bfrie8v@yahoo.co.jp,209-633-2002,$877.67
Baby,417,California,ndomengue8w@google.co.uk,310-162-8383,$680.89
Music,497,California,dbains8x@techcrunch.com,818-102-3008,$819.07
Home,193,California,dbouzan8y@sohu.com,661-181-8160,$381.73
Music,203,California,owitherden8z@ox.ac.uk,951-931-2602,$624.62
Clothing,112,California,nleisk90@blogs.com,714-650-3220,$694.70
Computers,53,California,ppaulusch91@fotki.com,323-780-7870,$427.91
Beauty,353,California,obenedite92@plala.or.jp,760-571-7657,$494.76
Sports,452,California,bantrobus93@nih.gov,310-773-6930,$214.05
Movies,324,California,bhassey94@usnews.com,619-140-8039,$191.35
Industrial,181,California,hsuston95@fastcompany.com,415-825-0590,$390.39
Health,355,California,cblackater96@wp.com,562-578-8361,$465.69
Health,377,California,bmacdermott97@senate.gov,562-428-1428,$187.76
Automotive,282,California,gmacalester98@hugedomains.com,805-954-4479,$170.63
Books,488,California,alorain99@barnesandnoble.com,619-428-4719,$65.52
Baby,444,California,pmalyan9a@ebay.co.uk,415-756-8465,$23.63
Jewelry,452,California,bepp9b@hostgator.com,408-928-7252,$650.39
Beauty,131,California,bambrodi9c@printfriendly.com,559-149-5451,$281.81
Shoes,337,California,miacovino9d@hao123.com,661-917-9598,$737.32
Shoes,177,California,gbloomfield9e@flickr.com,650-191-8428,$965.36
Tools,171,California,ipaybody9f@g.co,805-845-0345,$358.42
Beauty,233,California,adracksford9g@wikispaces.com,619-579-9224,$794.94
Toys,336,California,fkonrad9h@vk.com,559-421-2587,$785.13
Jewelry,237,California,znodin9i@vimeo.com,702-390-4350,$680.78
Tools,160,California,zclutterham9j@cnet.com,559-725-9721,$63.01
Computers,490,California,lwraith9k@mlb.com,562-725-6996,$874.93
Kids,81,California,bdebiasi9l@51.la,805-883-2661,$999.81
Games,328,California,slenoir9m@bigcartel.com,714-522-9883,$851.97
Toys,55,California,rmccorry9n@businessinsider.com,949-952-3525,$457.11
Jewelry,355,California,ebrockington9o@accuweather.com,323-342-6572,$554.03
Beauty,147,California,rhutson9p@globo.com,559-783-7690,$670.25
Computers,6,California,tflageul9q@hugedomains.com,626-805-8860,$996.21
Jewelry,157,California,jlukash9r@shutterfly.com,562-208-2840,$976.71
Automotive,258,California,ngissop9s@over-blog.com,559-208-3092,$969.28
Shoes,429,California,mvecard9t@rediff.com,626-969-0896,$390.54
Grocery,339,California,swaison9u@cornell.edu,626-742-3148,$459.17
Clothing,14,California,abechley9v@delicious.com,714-505-6487,$306.01
Automotive,295,California,tmuller9w@hp.com,209-371-8090,$75.45
Garden,299,California,rrattenbury9x@bravesites.com,209-958-8444,$711.84
Automotive,245,California,fbachmann9y@paginegialle.it,760-639-9884,$873.07
Movies,246,California,blancashire9z@latimes.com,213-979-4926,$896.22
Beauty,247,California,hhebburna0@acquirethisname.com,559-251-0783,$482.53
Music,267,California,ecapelena1@imgur.com,619-492-6213,$162.62
Baby,175,California,ktorresa2@slate.com,858-721-2939,$374.06
Shoes,258,California,tradborna3@squidoo.com,949-168-1761,$258.63
Electronics,275,California,rdilleta4@alexa.com,805-776-3888,$537.20
Sports,188,California,vdillona5@tiny.cc,661-415-2999,$72.49
Kids,305,California,ftrousdella6@buzzfeed.com,949-689-1141,$129.86
Jewelry,72,California,syellepa7@multiply.com,714-763-0378,$149.52
Books,37,California,rspilisya8@pbs.org,951-449-5828,$654.15
Health,427,California,fjanusika9@alexa.com,909-607-5144,$235.89
Automotive,223,California,hwilderspoonaa@creativecommons.org,408-487-3906,$566.88
Beauty,260,California,heliezab@biblegateway.com,415-672-1843,$69.61
Kids,15,California,pmacgeffenac@hud.gov,925-684-9098,$919.94
Sports,462,California,akarczinskiad@amazon.co.jp,925-180-5825,$881.32
Tools,153,California,jgirardotae@latimes.com,209-498-9780,$956.69
Baby,26,California,tauberyaf@google.com.br,310-182-6236,$167.14
Garden,451,California,hdaltreyag@unesco.org,213-895-3698,$995.49
Computers,372,California,bmompessonah@shareasale.com,916-851-1047,$376.22
Jewelry,121,California,ivenediktovai@typepad.com,714-426-6217,$762.36
Baby,442,California,qroydsaj@wix.com,530-628-1653,$485.67
Shoes,45,California,clevayak@hibu.com,714-534-5059,$398.03
Kids,207,California,emalingal@mozilla.org,818-598-4467,$328.33
Garden,407,California,jjuaraam@marketwatch.com,415-311-9854,$910.37
Electronics,484,California,tcriellyan@patch.com,510-260-2551,$431.44
Grocery,262,California,cfinlowao@miitbeian.gov.cn,619-667-8675,$781.42
Shoes,250,California,dmccullockap@ameblo.jp,619-196-8395,$876.04
Computers,286,California,tstaddonaq@google.ca,213-367-1524,$586.35
Tools,456,California,hgawkear@1688.com,805-208-1655,$676.19
Movies,271,California,agoodbanneas@aol.com,714-120-2128,$620.05
Health,402,California,ebellinghamat@msn.com,805-885-1966,$10.72
Tools,222,California,kjaukovicau@istockphoto.com,562-274-7771,$779.31
Clothing,301,California,wchandersav@state.gov,415-586-4185,$214.88
Health,70,California,jalphegeaw@indiegogo.com,559-315-3696,$811.07
Clothing,441,California,mziemsenax@dell.com,626-559-1433,$480.45
Games,442,California,icrossgroveay@umn.edu,310-433-1507,$380.10
Games,69,California,fvogelaz@ca.gov,707-485-4344,$108.65
Games,5,California,mmceloryb0@cbc.ca,213-347-6307,$193.69
Garden,358,California,dleahb1@printfriendly.com,909-467-7904,$781.87
Grocery,10,California,bsealandb2@ocn.ne.jp,707-134-6428,$27.00
Industrial,489,California,mbraimeb3@icq.com,510-822-0576,$949.02
Kids,228,California,misgarb4@imageshack.us,805-181-2858,$908.80
Outdoors,354,California,kdreweryb5@cam.ac.uk,562-397-8761,$335.65
Industrial,229,California,jtrubshaweb6@dyndns.org,916-393-1025,$675.69
Beauty,372,California,gveazeyb7@last.fm,916-656-1295,$359.11
Beauty,372,California,jjuhrukeb8@blogtalkradio.com,916-267-8727,$57.74
Industrial,319,California,wlabab9@gravatar.com,714-617-4673,$379.46
Automotive,298,California,jpendockba@zimbio.com,626-271-9342,$191.66
Garden,305,California,cgilkesbb@csmonitor.com,559-760-2145,$229.62
Health,267,California,emansbridgebc@twitpic.com,213-900-9078,$152.51
Toys,141,California,sdeboybd@typepad.com,209-669-2227,$702.04
Beauty,5,California,edaynterbe@behance.net,650-783-3473,$899.90
Music,415,California,lkettonbf@oaic.gov.au,323-701-2617,$19.69
Shoes,78,California,rmableybg@npr.org,818-838-8209,$334.13
Industrial,480,California,hpidlerbh@shareasale.com,209-159-5410,$289.58
Health,464,California,dgolagleybi@go.com,323-361-7890,$614.68
Outdoors,333,California,dsyfaxbj@tmall.com,916-107-9847,$730.36
Shoes,210,California,emeffenbk@chron.com,213-874-4813,$969.52
Industrial,50,California,gshilladaybl@senate.gov,213-116-2862,$729.48
Clothing,113,California,gallanbm@ucsd.edu,619-564-1685,$456.72
Books,498,California,alatanbn@reuters.com,310-392-9038,$838.35
Baby,479,California,dlobliebo@exblog.jp,760-469-7031,$118.83
Computers,340,California,bdongallbp@microsoft.com,831-419-9132,$727.38
Books,451,California,apittmanbq@meetup.com,951-737-5920,$739.20
Beauty,315,California,bromaynebr@addthis.com,707-244-3836,$372.12
Music,256,California,astanistretebs@xrea.com,213-381-4323,$789.04
Computers,229,California,hbrasenerbt@joomla.org,209-760-8821,$457.37
Movies,296,California,pfaransbu@who.int,209-277-8421,$440.76
Electronics,218,California,dbrumfittbv@yahoo.com,510-847-6766,$505.34
Garden,374,California,ffunnellbw@is.gd,619-502-0670,$853.06
Books,204,California,oroybx@pbs.org,858-524-6406,$374.78
Computers,84,California,bmenichiniby@ebay.com,415-209-0190,$968.92
Kids,378,California,rgovebz@msu.edu,619-517-9645,$492.99
Games,408,California,vlivettc0@ustream.tv,925-940-0879,$760.75
Industrial,220,California,rknevettc1@xrea.com,408-699-7684,$554.98
Music,339,California,rcolbronc2@storify.com,760-488-4534,$735.43
Computers,368,California,rlearoidc3@arstechnica.com,530-838-0734,$80.44
Automotive,322,California,cegdalec4@buzzfeed.com,916-584-5919,$733.31
Home,336,California,csterlingc5@blog.com,707-487-8450,$137.32
Shoes,186,California,bburlingc6@drupal.org,831-258-9049,$649.35
Sports,243,California,dgemmillc7@miibeian.gov.cn,916-714-9447,$656.46
Books,415,California,edeaguirrec8@bigcartel.com,415-266-4631,$359.90
Health,46,California,xcotteec9@berkeley.edu,951-120-4296,$727.44
Movies,227,California,dgathercoleca@feedburner.com,323-978-4552,$639.46
Health,47,California,evooghtcb@bluehost.com,619-966-5685,$498.39
Music,103,California,jschulzcc@whitehouse.gov,213-451-9111,$871.78
Movies,231,California,mgarfieldcd@theglobeandmail.com,510-677-3992,$270.63
Toys,94,California,fluffce@wikimedia.org,213-488-5876,$204.08
Electronics,205,California,rheadfordcf@tinyurl.com,562-684-2082,$451.65
Automotive,491,California,bhackwellcg@java.com,805-853-1197,$750.79
Jewelry,467,California,cschuelckech@storify.com,650-549-2523,$100.75
Garden,435,California,nstreetsci@mozilla.org,626-460-1588,$484.55
Kids,113,California,fhymanscj@lulu.com,619-855-4848,$36.60
Shoes,95,California,cquenellck@nhs.uk,415-437-8091,$95.73
Beauty,130,California,ktanfieldcl@walmart.com,415-818-2578,$574.78
Music,268,California,sburbankcm@posterous.com,916-676-5287,$632.78
Garden,42,California,sfrancesccn@google.it,510-943-6420,$260.50
Outdoors,23,California,gtidridgeco@vkontakte.ru,818-299-8306,$659.94
Music,305,California,gcringlecp@sitemeter.com,951-985-2329,$328.00
Books,127,California,cwillowscq@phpbb.com,209-769-3611,$379.10
Music,331,California,bortigacr@cnet.com,510-736-8091,$908.32
Sports,255,California,edwelleycs@wordpress.com,408-307-1231,$722.18
Clothing,439,California,dskeltonct@fastcompany.com,510-519-0116,$325.40
Industrial,326,California,lgiacobazzicu@cyberchimps.com,310-335-2981,$134.75
Clothing,304,California,btanbycv@dailymotion.com,916-439-2893,$156.62
Beauty,202,California,vcesconcw@vkontakte.ru,805-404-2992,$56.87
Grocery,394,California,alegallocx@technorati.com,559-269-8072,$802.51
Health,170,California,tkunnekecy@who.int,408-918-8363,$336.39
Industrial,51,California,ograziercz@goodreads.com,626-171-8986,$824.03
Toys,469,California,hsebired0@csmonitor.com,213-708-0499,$173.61
Grocery,441,California,btrolloped1@uiuc.edu,310-627-8317,$721.85
Electronics,367,California,kautend2@statcounter.com,626-274-0491,$498.76
Kids,182,California,dstuttmand3@hp.com,559-732-5456,$561.11
Automotive,15,California,rhatwellsd4@google.ca,916-344-6328,$624.94
Toys,247,California,amozzinid5@youku.com,619-791-9333,$45.94
Industrial,73,California,bbowied6@marketwatch.com,415-439-4161,$746.64
Garden,268,California,ataced7@usnews.com,916-797-2901,$985.81
Computers,278,California,iluckhurstd8@lulu.com,805-710-3720,$196.27
Kids,360,California,thunterd9@etsy.com,916-373-5282,$637.04
Automotive,320,California,tpugheda@house.gov,714-891-6046,$948.01
Music,255,California,itoffalonidb@disqus.com,818-851-8684,$264.72
Health,346,California,ldoulldc@blogs.com,310-888-2949,$624.15
Outdoors,377,California,ecossinsdd@qq.com,909-529-6685,$494.36
Sports,352,California,rcocksde@drupal.org,209-535-5903,$701.45
Computers,31,California,mdedondf@slashdot.org,714-980-4413,$980.47
Movies,18,California,ccawtdg@nydailynews.com,415-372-5266,$11.37
Grocery,26,California,dgatcliffdh@usa.gov,209-267-5820,$527.57
Clothing,220,California,ivitalldi@redcross.org,323-751-1958,$387.26
Jewelry,5,California,kebleindj@smh.com.au,650-246-1229,$408.92
Kids,301,California,sgotobeddk@house.gov,661-374-6870,$952.15
Toys,290,California,dcameratidl@washingtonpost.com,213-360-8663,$931.70
Clothing,77,California,ydallinderdm@sun.com,323-701-2676,$297.46
Garden,251,California,qcamblindn@businessweek.com,415-287-3963,$810.94
Books,81,California,kmillsapdo@canalblog.com,949-844-3028,$816.27
Shoes,361,California,sgrahlmansdp@behance.net,661-924-6289,$812.62
Kids,78,California,jrenshelldq@yelp.com,818-689-4650,$552.16
Electronics,322,California,dleathamdr@rediff.com,408-486-7797,$530.87
Garden,59,California,agalvands@yandex.ru,619-465-7764,$510.66
Toys,165,California,mboulesdt@surveymonkey.com,916-697-2364,$734.80
Books,37,California,rmcclancydu@webmd.com,310-127-7666,$172.83
Clothing,351,California,ygarrawaydv@nsw.gov.au,760-666-1444,$373.09
Baby,338,California,sranyelldw@vimeo.com,916-530-4135,$610.74
Grocery,212,California,lfenemoredx@walmart.com,760-935-7690,$264.66
Clothing,156,California,gdabernottdy@artisteer.com,415-461-7734,$495.40
Automotive,152,California,vstorrdz@deliciousdays.com,415-301-3371,$651.65
Sports,398,California,pransomee0@adobe.com,916-320-0201,$628.90
Home,474,California,edellortoe1@icio.us,916-140-3998,$809.08
Electronics,160,California,rsexstonee2@livejournal.com,949-863-1005,$175.25
Garden,36,California,dkasee3@mashable.com,661-543-9814,$571.09
Computers,495,California,fblampiede4@pinterest.com,310-251-2302,$982.23
Baby,389,California,agrunwalle5@goo.gl,408-844-4599,$261.92
Books,9,California,scansdalle6@histats.com,323-842-9949,$92.33
Jewelry,427,California,rtatnelle7@noaa.gov,707-131-8345,$601.60
Health,32,California,acramee8@blinklist.com,714-280-7554,$471.11
Jewelry,239,California,kshaxbye9@wikimedia.org,213-187-0325,$368.00
Sports,266,California,jolliganea@deviantart.com,916-384-7150,$970.02
Home,151,California,arecordseb@stumbleupon.com,213-167-0984,$289.05
Electronics,75,California,mreallyec@themeforest.net,323-376-8430,$628.66
Games,222,California,hrucklesseed@aboutads.info,916-710-9392,$837.13
Automotive,11,California,dbeinckenee@sphinn.com,408-947-1464,$696.49
Sports,491,California,kwallbankef@weather.com,415-854-9152,$766.14
Sports,179,California,sclynmanseg@amazonaws.com,415-967-7490,$983.68
Music,223,California,vchastangeh@edublogs.org,714-212-8861,$617.02
Home,444,California,jfurstei@state.gov,925-820-5317,$97.28
Sports,367,California,fstiveyej@elegantthemes.com,831-160-8709,$744.30
Movies,423,California,dhaffnerek@vistaprint.com,415-494-4327,$237.96
Garden,136,California,rtschersichel@columbia.edu,760-340-9404,$930.51
Kids,198,California,xzuckerem@mozilla.com,626-430-2692,$988.82
Automotive,222,California,aesleyen@yahoo.com,323-723-6344,$994.76
Clothing,137,California,nbabalolaeo@digg.com,818-538-5873,$647.36
Industrial,8,California,dsailep@123-reg.co.uk,916-139-2623,$818.20
Grocery,256,California,btrokeeq@wordpress.org,805-706-3808,$720.99
Music,123,California,cstimpsoner@yellowpages.com,415-823-9109,$6.71
Computers,92,California,rteweses@w3.org,702-408-7747,$544.87
Garden,368,California,dkalinskyet@cargocollective.com,562-650-6819,$766.22
Kids,240,California,gkenwyneu@mozilla.org,805-659-9904,$515.21
Beauty,116,California,hblacktinev@infoseek.co.jp,310-921-7200,$622.94
Jewelry,431,California,bothamew@opera.com,559-763-9122,$225.65
Movies,376,California,dsonnerex@livejournal.com,310-656-2981,$574.95
Industrial,120,California,pwebbboweney@squarespace.com,415-961-0658,$609.71
Health,467,California,asoleez@princeton.edu,626-478-4473,$369.82
Beauty,88,California,cadanetf0@vk.com,714-130-9038,$232.10
Industrial,327,California,mferenczf1@mediafire.com,916-317-8096,$468.70
Electronics,153,California,rfengef2@yale.edu,916-131-5209,$312.86
Books,77,California,unevillf3@examiner.com,323-438-8510,$305.10
Jewelry,397,California,faycef4@admin.ch,707-128-2485,$482.84
Toys,441,California,nbraidfordf5@redcross.org,619-589-2885,$129.57
Industrial,250,California,fwrightonf6@buzzfeed.com,213-392-2371,$722.17
Beauty,6,California,dglowaczf7@buzzfeed.com,626-621-0184,$287.81
Books,293,California,fkiraf8@nymag.com,707-714-6702,$262.48
Garden,76,California,fdubiquef9@java.com,408-601-2588,$852.73
Tools,150,California,aelnaughfa@moonfruit.com,408-721-1499,$362.54
Music,448,California,bguyefb@sourceforge.net,408-935-7452,$582.54
Movies,6,California,cscotchbourougefc@answers.com,951-837-0239,$920.43
Tools,79,California,rrennebeckfd@facebook.com,323-247-0409,$789.70
Tools,240,California,wscyonefe@aol.com,661-790-5075,$421.08
Electronics,362,California,mlarrowayff@de.vu,510-903-5062,$474.92
Industrial,109,California,flalondefg@sun.com,562-223-6157,$928.57
Health,266,California,dlowselyfh@unesco.org,213-290-6026,$450.40
Music,60,California,alangfordfi@businessweek.com,310-672-1970,$631.91
Home,200,California,ayesipovfj@weather.com,530-101-4072,$729.43
Electronics,229,California,schellamfk@rakuten.co.jp,916-653-2727,$360.40
Computers,335,California,mmitchenerfl@phpbb.com,916-452-9946,$427.38
Clothing,196,California,sswanniefm@redcross.org,805-439-0655,$983.55
Baby,475,California,caleksashinfn@umn.edu,619-387-4548,$109.85
Baby,180,California,jhannanfo@wikispaces.com,209-214-7143,$872.11
Toys,311,California,cgodfroyfp@nba.com,909-736-0049,$93.91
Movies,214,California,lforsbeyfq@icio.us,408-871-3179,$513.13
Garden,140,California,aliddyfr@aol.com,818-679-4421,$218.92
Grocery,266,California,bdendlefs@rakuten.co.jp,909-311-4430,$846.69
Health,402,California,kcubuzzift@nifty.com,408-865-4887,$385.28
Sports,238,California,gmelonbyfu@yahoo.co.jp,209-184-9297,$462.82
Beauty,1,California,chanesfv@phpbb.com,650-577-3772,$918.36
Computers,135,California,jhudelfw@cbsnews.com,916-297-1672,$562.74
Outdoors,416,California,ccurleyfx@seattletimes.com,408-615-6505,$976.13
Industrial,449,California,asoansfy@phoca.cz,408-640-9556,$855.40
Outdoors,426,California,gfatharlyfz@rakuten.co.jp,213-478-9412,$859.94
Garden,101,California,jwaldeng0@multiply.com,559-451-4601,$204.21
Music,6,California,ctrusslerg1@dedecms.com,650-103-5827,$963.36
Tools,404,California,croomg2@telegraph.co.uk,619-969-3910,$582.95
Music,495,California,gpevieg3@bluehost.com,805-752-9487,$83.69
Shoes,424,California,llantaphg4@psu.edu,619-484-9191,$586.31
Beauty,321,California,tbartoccig5@imdb.com,209-980-6212,$228.90
Garden,454,California,iandriveauxg6@drupal.org,415-907-7657,$963.81
Sports,386,California,jrandalstong7@reddit.com,408-792-5357,$868.11
Books,469,California,mwhellansg8@yale.edu,949-590-5499,$370.22
Home,357,California,tgarrattyg9@gizmodo.com,805-618-9252,$867.07
Garden,39,California,wbrassingtonga@timesonline.co.uk,818-630-4586,$504.33
Computers,89,California,tsilverthorngb@yandex.ru,949-446-6944,$884.27
Automotive,93,California,mwhapplesgc@sfgate.com,408-662-5166,$929.66
Books,489,California,kyarkergd@weather.com,408-436-8388,$839.54
Home,294,California,gandreuccige@ameblo.jp,310-711-0086,$472.89
Toys,298,California,ffarndalegf@dailymotion.com,916-382-6988,$316.50
Automotive,377,California,rginglellgg@berkeley.edu,559-625-4239,$794.28
Outdoors,443,California,lklichgh@barnesandnoble.com,559-861-7124,$356.12
Movies,488,California,rbyrdegi@usgs.gov,626-857-3075,$360.30
Jewelry,347,California,nhullergj@bandcamp.com,661-478-2662,$801.28
Computers,60,California,okemshellgk@fastcompany.com,209-944-0686,$177.04
Books,379,California,bbellaygl@umn.edu,916-686-2717,$871.93
Health,341,California,itrassgm@so-net.ne.jp,916-206-3413,$149.87
Jewelry,91,California,cchisnallgn@foxnews.com,916-724-1324,$123.56
Industrial,146,California,lallabushgo@guardian.co.uk,805-966-1268,$366.06
Health,373,California,astovengp@yale.edu,415-933-9332,$717.16
Electronics,405,California,sbasterfieldgq@toplist.cz,661-694-4764,$286.23
Books,308,California,raddeycottgr@github.io,323-431-6052,$959.29
Clothing,275,California,bgerreltsgs@msu.edu,909-850-2067,$872.04
Outdoors,192,California,jmouatgt@berkeley.edu,916-386-0319,$743.00
Outdoors,346,California,cheinogu@prweb.com,626-786-8028,$918.69
Beauty,104,California,jsambrokgv@webmd.com,916-376-0854,$506.27
Baby,183,California,ldawgw@reference.com,209-708-8537,$62.68
Baby,83,California,iwinghamgx@yolasite.com,619-839-5561,$806.41
Baby,129,California,jbridgesgy@home.pl,323-381-6958,$686.06
Kids,459,California,gtroupgz@desdev.cn,562-878-1366,$610.07
Clothing,208,California,mitzchakyh0@dmoz.org,619-977-8741,$982.08
Health,387,California,ipoath1@yale.edu,619-190-8997,$98.59
Home,285,California,esearstonh2@google.cn,949-259-8703,$460.42
Grocery,347,California,blealh3@prnewswire.com,310-948-1230,$547.32
Grocery,267,California,opetersenh4@1und1.de,925-494-0909,$726.83
Health,343,California,dbotgerh5@google.es,916-192-0027,$125.93
Garden,249,California,hpluvierh6@latimes.com,818-102-4729,$867.68
Garden,199,California,afairneyh7@oakley.com,408-631-0495,$732.78
Jewelry,230,California,oberneyh8@oaic.gov.au,310-632-5432,$988.33
Tools,64,California,hkerleyh9@mac.com,619-160-3763,$833.92
Kids,390,California,oilemha@privacy.gov.au,213-283-4712,$274.10
Jewelry,202,California,acrocettihb@netscape.com,510-928-5827,$171.27
Grocery,441,California,cstockellhc@hibu.com,323-645-3038,$981.42
Computers,239,California,gfollinhd@pagesperso-orange.fr,714-117-4818,$796.39
Automotive,342,California,mmountfordhe@reuters.com,510-824-9245,$298.97
Jewelry,349,California,sderdeshf@hostgator.com,510-328-6887,$995.53
Grocery,278,California,kbaylyhg@biglobe.ne.jp,310-388-8867,$293.83
Home,175,California,glowishh@si.edu,661-757-1321,$111.68
Tools,436,California,nsaurhi@51.la,949-739-7961,$251.84
Automotive,34,California,fmiddlehj@people.com.cn,858-440-8734,$330.07
Books,93,California,cdillintonhk@ftc.gov,626-376-5765,$806.52
Grocery,360,California,dnardruphl@cnbc.com,619-560-8470,$391.28
Health,25,California,stoplinhm@istockphoto.com,714-830-5329,$831.43
Music,476,California,waizkovitchhn@ocn.ne.jp,619-233-3135,$92.77
Clothing,331,California,awestgateho@indiatimes.com,916-585-3155,$501.72
Movies,368,California,jdickenshp@lulu.com,619-134-6971,$380.31
Games,124,California,jchadbournehq@icq.com,510-662-1858,$875.81
Outdoors,356,California,ctrinderhr@umn.edu,559-761-5122,$347.63
Baby,7,California,gstrognellhs@spotify.com,510-313-2763,$532.74
Toys,26,California,ikinight@patch.com,510-753-3377,$157.84
Health,224,California,acrispehu@pbs.org,916-606-0442,$410.81
Industrial,302,California,agerriessenhv@reuters.com,805-920-9967,$127.00
Music,280,California,edilowayhw@uol.com.br,562-531-7802,$845.77
Health,239,California,tbottonhx@engadget.com,619-127-4273,$299.40
Home,111,California,tevennetthy@qq.com,559-497-1923,$121.68
Automotive,493,California,ebarsamhz@printfriendly.com,209-592-3226,$324.58
Home,206,California,hkieferi0@sciencedirect.com,209-913-6761,$800.87
Health,180,California,dbalesi1@nature.com,408-389-7362,$402.94
Electronics,237,California,ccreeki2@irs.gov,951-112-5749,$583.34
Home,352,California,ssankeyi3@oracle.com,619-121-5490,$188.95
Electronics,202,California,tskermei4@xrea.com,805-146-9459,$388.18
Clothing,456,California,krogersi5@tripod.com,209-436-4865,$636.47
Garden,232,California,bflaonieri6@wikimedia.org,909-728-0820,$769.98
Kids,490,California,adowberi7@gravatar.com,408-733-7416,$750.54
Health,73,California,anelseyi8@mapquest.com,213-656-4649,$841.75
Toys,189,California,nmatthewmani9@surveymonkey.com,805-786-9926,$580.05
Computers,5,California,ibalmeria@utexas.edu,916-817-8448,$66.90
Movies,373,California,amenaultib@smugmug.com,661-212-1875,$367.75
Shoes,50,California,dbouchieric@noaa.gov,530-247-1017,$992.04
Garden,355,California,livanchovid@phoca.cz,559-969-3548,$578.24
Clothing,115,California,tgunstonie@cbc.ca,805-522-0823,$956.29
Games,253,California,acusackif@1688.com,310-512-2501,$533.09
Clothing,239,California,jskitchig@barnesandnoble.com,831-622-0842,$277.86
Movies,306,California,yoglethorpeih@soundcloud.com,559-217-9783,$127.35
Sports,453,California,nalexandrouii@unc.edu,408-844-9676,$308.84
Movies,476,California,ztasselerij@booking.com,714-744-6486,$386.99
Electronics,204,California,bnixonik@oracle.com,909-128-2660,$397.85
Toys,229,California,pgosdinil@vimeo.com,916-701-8268,$788.20
Computers,112,California,mkieffim@wikipedia.org,818-443-1285,$315.97
Games,280,California,dsilvermannin@technorati.com,760-145-2547,$809.97
Outdoors,361,California,nsatterthwaiteio@blogtalkradio.com,650-583-6581,$728.93
Games,390,California,bleitchip@altervista.org,626-277-5982,$548.16
Music,158,California,cbowcockiq@disqus.com,415-588-0634,$851.47
Electronics,55,California,carthargir@alexa.com,949-120-9150,$571.65
Electronics,239,California,rmckenneyis@google.es,562-480-3827,$753.05
Books,430,California,rgorewayit@gov.uk,805-315-9575,$283.23
Outdoors,206,California,molivellaiu@w3.org,916-999-4618,$973.12
Jewelry,332,California,fknightleyiv@geocities.jp,661-535-0572,$496.72
Toys,113,California,abroadnickeiw@wired.com,714-488-5599,$33.38
Home,314,California,ddrooganix@globo.com,916-499-8588,$240.30
Shoes,275,California,aiannittiiy@tinyurl.com,858-261-3818,$944.84
Tools,371,California,aneggriniiz@yelp.com,714-510-4815,$787.25
Home,446,California,ipoundesfordj0@webnode.com,805-717-8752,$719.83
Computers,372,California,wridgersj1@artisteer.com,702-114-1705,$313.94
Home,487,California,wcreaneyj2@typepad.com,408-489-2817,$288.45
Baby,257,California,darcherj3@domainmarket.com,562-376-2040,$86.51
Tools,395,California,gtreslovej4@opera.com,323-710-6764,$641.98
Baby,385,California,achenej5@netvibes.com,213-853-3468,$760.77
Outdoors,488,California,jchesselj6@quantcast.com,818-475-9883,$309.42
Music,139,California,sgrigoliisj7@zimbio.com,714-157-8870,$406.70
Outdoors,369,California,iabernethyj8@fc2.com,209-246-9065,$668.28
Computers,129,California,uvenediktovj9@columbia.edu,916-786-0071,$53.31
Electronics,259,California,odikja@jalbum.net,760-356-0417,$496.75
Computers,436,California,awardeljb@friendfeed.com,650-726-2013,$322.66
Outdoors,271,California,vmcmillanjc@blogtalkradio.com,559-257-3118,$656.40
Baby,218,California,uwartonjd@abc.net.au,510-999-1649,$963.47
Automotive,294,California,oivakhinje@ocn.ne.jp,909-537-0925,$7.35
Home,6,California,twetheyjf@blogs.com,559-976-6761,$324.10
Home,70,California,fcallumjg@istockphoto.com,909-930-9302,$97.89
Grocery,353,California,ashoresonjh@soundcloud.com,626-688-6473,$594.92
Health,63,California,mmundenji@businesswire.com,213-143-3366,$356.62
Movies,151,California,shacaudjj@acquirethisname.com,951-419-7318,$162.20
Garden,495,California,hbriscojk@weibo.com,408-226-9537,$265.01
Books,409,California,dgoodburnjl@arstechnica.com,925-377-8507,$192.60
Games,72,California,rquereejm@so-net.ne.jp,559-960-9368,$506.54
Baby,156,California,snovisjn@mozilla.com,916-315-3924,$761.48
Clothing,202,California,bkoppeckjo@zdnet.com,408-782-8522,$489.36
Movies,349,California,lgiannasijp@abc.net.au,858-278-6621,$359.18
Jewelry,51,California,salmackjq@cbsnews.com,714-568-5301,$483.19
Toys,197,California,bbutfieldjr@accuweather.com,408-832-5727,$909.81
Automotive,428,California,cseymourjs@about.me,619-851-0381,$801.39
Jewelry,193,California,clemerchantjt@samsung.com,559-344-3508,$478.31
Music,437,California,geardleyju@amazon.co.uk,562-794-4703,$410.87
Kids,61,California,bcerithjv@fotki.com,408-292-9391,$12.91
Garden,112,California,gskilljw@washington.edu,925-145-0323,$179.73
Grocery,337,California,tmacmeekanjx@ameblo.jp,408-129-9517,$738.32
Music,486,California,vwillgressjy@bloglovin.com,909-396-1808,$134.62
Computers,472,California,efilonjz@upenn.edu,707-228-8331,$312.74
Shoes,449,California,ljohanchonk0@yale.edu,559-193-8575,$891.02
Outdoors,188,California,vriccardellik1@xinhuanet.com,209-626-8277,$557.05
Movies,436,California,cpilchk2@si.edu,559-296-1189,$498.04
Industrial,29,California,mesliek3@ow.ly,714-496-5889,$662.68
Beauty,389,California,kpimlettk4@dmoz.org,650-596-9181,$568.96
Automotive,51,California,lbirdfieldk5@prnewswire.com,650-280-3370,$706.10
Health,243,California,wjakubovitchk6@theglobeandmail.com,760-451-4466,$317.47
Garden,300,California,jbowek7@google.com.au,626-387-4715,$285.51
Sports,48,California,dpocklingtonk8@dailymail.co.uk,805-655-0373,$629.85
Health,355,California,bkirtlank9@mail.ru,661-340-2966,$717.44
Automotive,212,California,lverityka@hexun.com,714-447-4606,$306.31
Movies,160,California,mcarlingkb@clickbank.net,619-341-4749,$375.21
Games,485,California,jgautreykc@ask.com,559-391-9144,$367.30
Sports,340,California,cfawlteykd@ca.gov,213-158-6813,$334.64
Kids,499,California,afennickke@unesco.org,408-916-6261,$439.96
Music,347,California,ehedgekf@yale.edu,805-323-6321,$717.43
Clothing,260,California,bbauduinkg@walmart.com,408-941-9495,$756.14
Toys,265,California,bfairfullkh@yahoo.com,951-968-6740,$88.45
Computers,286,California,rkembreyki@tripod.com,619-690-7306,$507.57
Home,119,California,gtaplinkj@umich.edu,916-630-7011,$2.90
Movies,271,California,cmothkk@exblog.jp,310-663-3182,$510.00
Kids,309,California,jalveskl@howstuffworks.com,805-784-9803,$304.08
Clothing,211,California,xdossitkm@nymag.com,650-166-9790,$492.15
Garden,279,California,mlegankn@altervista.org,408-794-4228,$995.82
Baby,81,California,mgaywoodko@constantcontact.com,510-749-5201,$867.04
Books,22,California,scroykp@123-reg.co.uk,213-297-5266,$943.05
Kids,168,California,ssigginskq@tamu.edu,916-598-0406,$108.86
Grocery,226,California,mmapstonekr@rediff.com,213-811-0192,$201.40
Automotive,487,California,whedanks@upenn.edu,714-201-5297,$336.57
Clothing,331,California,skobierrakt@ihg.com,661-887-5712,$249.78
Beauty,482,California,oelsterku@drupal.org,415-549-3676,$474.08
Automotive,263,California,awrennkv@tripadvisor.com,510-739-9934,$847.47
Movies,200,California,hlaprekw@hexun.com,661-537-9488,$752.85
Music,142,California,ydumbreckkx@adobe.com,209-760-0021,$261.73
Sports,428,California,gjessoppky@trellian.com,559-739-6270,$483.69
Games,388,California,fdavleykz@i2i.jp,916-747-2783,$375.29
Games,261,California,gjenikl0@nps.gov,415-331-1073,$683.00
Kids,87,California,njedrychowskil1@blog.com,619-747-3131,$173.00
Kids,209,California,lcroxalll2@google.ru,626-317-0660,$123.56
Home,497,California,jwhopplesl3@ask.com,916-413-4177,$916.49
Industrial,365,California,dtupperl4@msn.com,323-654-8181,$227.87
Grocery,80,California,apurseglovel5@buzzfeed.com,916-832-6154,$498.56
Automotive,69,California,nhoffmannl6@devhub.com,650-767-9391,$734.00
Computers,9,California,jfeethaml7@intel.com,559-807-7591,$153.07
Home,256,California,jswaytonl8@japanpost.jp,949-807-2309,$686.85
Clothing,252,California,akemetzl9@icq.com,310-374-8476,$723.27
Electronics,385,California,llackmannla@ustream.tv,562-290-2090,$388.67
Beauty,8,California,yhawtonlb@vinaora.com,707-969-5150,$836.60
Music,16,California,bbennislc@posterous.com,858-512-4113,$838.54
Electronics,152,California,chelianld@washingtonpost.com,408-733-5352,$693.19
Beauty,348,California,jmorstonle@bizjournals.com,818-831-2644,$104.52
Tools,392,California,galbinsonlf@washington.edu,714-881-1142,$501.13
Kids,139,California,kalcidelg@clickbank.net,213-764-7958,$322.91
Health,184,California,kcantonlh@privacy.gov.au,510-759-3896,$842.88
Outdoors,462,California,peliasenli@discovery.com,951-978-9849,$984.46
Beauty,391,California,feasbylj@gnu.org,626-176-9609,$290.12
Music,434,California,mwhimperlk@phoca.cz,650-649-5557,$819.24
Shoes,10,California,nguddell@arizona.edu,949-609-7912,$406.35
Health,495,California,kseintlm@wisc.edu,559-238-1759,$187.46
Tools,4,California,rbealesln@reddit.com,323-244-8208,$70.82
Shoes,268,California,dgammetlo@angelfire.com,619-508-3735,$309.89
Outdoors,344,California,rkeeselp@youtu.be,415-421-3426,$595.22
Industrial,53,California,hbouldelq@umich.edu,415-949-6497,$699.67
Tools,351,California,egustickelr@cocolog-nifty.com,909-846-4275,$474.68
Grocery,299,California,fschimannls@canalblog.com,626-222-2702,$88.70
Movies,296,California,rdamplt@moonfruit.com,562-104-7972,$70.46
Sports,296,California,aclemitslu@msn.com,209-707-4552,$741.04
Baby,332,California,wriseamlv@webnode.com,909-222-9663,$512.77
Jewelry,91,California,bstellilw@chicagotribune.com,559-724-8453,$243.48
Outdoors,300,California,btolfreylx@va.gov,909-210-4537,$704.15
Shoes,164,California,mdunkinsonly@wix.com,818-514-2295,$313.80
Electronics,161,California,lklamptlz@slate.com,510-662-8209,$143.54
Outdoors,120,California,adrewetm0@fc2.com,916-529-6492,$702.85
Books,380,California,sharsm1@creativecommons.org,661-180-3771,$576.99
Industrial,284,California,mmechanm2@house.gov,408-640-2918,$794.06
Music,222,California,scogleym3@cnbc.com,916-968-3535,$568.38
Computers,45,California,tyaneevm4@nyu.edu,951-880-8571,$388.70
Jewelry,468,California,vpechtm5@quantcast.com,916-940-3072,$580.80
Jewelry,189,California,pskeffingtonm6@sohu.com,323-478-0676,$379.93
Baby,398,California,tjearumm7@printfriendly.com,562-599-7228,$940.04
Electronics,394,California,cbasnettm8@topsy.com,415-576-7143,$259.32
Health,122,California,pgodrichm9@dropbox.com,805-839-0247,$612.77
Clothing,67,California,cmcguffma@yahoo.co.jp,213-974-3479,$197.66
Clothing,166,California,mgerwoodmb@nytimes.com,310-826-8788,$563.34
Clothing,272,California,saylwinmc@dot.gov,626-305-3173,$246.47
Health,205,California,kgaitskillmd@ox.ac.uk,213-237-6139,$691.89
Books,10,California,aleitchme@alibaba.com,916-215-7452,$760.70
Movies,373,California,ablumiremf@dell.com,650-385-2366,$545.73
Games,24,California,gryvesmg@redcross.org,916-665-3444,$350.37
Sports,484,California,apietrzakmh@biglobe.ne.jp,805-737-5650,$320.82
Sports,247,California,khumbymi@senate.gov,415-698-9495,$359.54
Clothing,138,California,bwhorallmj@webs.com,760-271-4389,$588.90
Garden,116,California,rskpseymk@state.tx.us,510-117-0848,$772.55
Shoes,17,California,rgelsthorpeml@dyndns.org,916-198-3109,$312.31
Movies,294,California,kinettmm@usgs.gov,650-339-4030,$491.44
Industrial,10,California,abergermn@google.nl,310-953-4732,$336.02
Toys,18,California,bvanninimo@technorati.com,951-275-5245,$177.18
Games,415,California,msidesmp@fda.gov,916-665-6179,$277.28
Shoes,143,California,hverrechiamq@yolasite.com,415-179-1763,$800.98
Sports,319,California,lwortsmr@sun.com,916-598-6798,$310.82
Beauty,8,California,lbillamms@wunderground.com,661-311-9494,$479.09
Beauty,216,California,wlefriecmt@mac.com,805-667-5095,$985.99
Tools,37,California,cjemisonmu@scribd.com,310-983-5514,$381.68
Garden,496,California,gromaintmv@google.co.uk,415-363-9085,$830.06
Clothing,23,California,cdradeymw@sitemeter.com,714-249-2648,$941.41
Health,128,California,dduckettmx@whitehouse.gov,408-773-4429,$956.07
Shoes,26,California,sbaldackmy@is.gd,805-792-6133,$515.27
Grocery,207,California,rbibbmz@scribd.com,650-698-3259,$97.37
Industrial,149,California,fclemettsn0@nhs.uk,559-884-6497,$586.58
Baby,329,California,rjeyesn1@last.fm,408-444-7334,$954.00
Books,190,California,nscurrelln2@cornell.edu,916-322-3308,$42.37
Movies,224,California,dstourtonn3@cbsnews.com,209-221-4791,$679.58
Toys,161,California,mdermotn4@netscape.com,619-688-5307,$212.01
Movies,227,California,lhollindalen5@timesonline.co.uk,510-991-9057,$306.49
Movies,221,California,sdumigann6@xing.com,714-485-7786,$383.05
Beauty,169,California,barmsbyn7@printfriendly.com,909-899-7243,$132.63
Home,269,California,rdowardn8@topsy.com,650-594-1415,$897.49
Jewelry,96,California,mgrindrodn9@google.com.au,213-331-3902,$40.67
Automotive,360,California,ebenfordna@mit.edu,213-579-2529,$11.26
Electronics,91,California,mmarkeynb@apache.org,415-876-7414,$293.95
Kids,461,California,hkilsbync@sina.com.cn,661-217-5478,$914.43
Automotive,187,California,kashfieldnd@addthis.com,619-928-0703,$241.68
Kids,171,California,cdanilchikne@netvibes.com,209-265-5345,$307.06
Books,126,California,jwillesonnf@comcast.net,858-475-8662,$500.79
Home,485,California,dsnellingng@sina.com.cn,707-346-1892,$12.61
Shoes,370,California,bdegoynh@themeforest.net,858-793-3882,$468.08
Toys,97,California,fturbardni@e-recht24.de,661-336-5532,$581.81
Games,434,California,nfeeleynj@census.gov,415-348-5042,$518.74
Industrial,133,California,lgostykenk@cpanel.net,916-248-8525,$329.47
Movies,375,California,ebarlassnl@list-manage.com,805-193-1865,$654.23
Music,117,California,acheesenm@seattletimes.com,209-991-3250,$452.95
Clothing,370,California,rmunnsnn@chron.com,714-543-6058,$849.95
Music,492,California,dmccurryno@nifty.com,619-355-1083,$717.44
Grocery,293,California,jhackingenp@mtv.com,909-710-5122,$855.17
Grocery,366,California,pubanksnq@discovery.com,213-788-2162,$690.21
Games,233,California,sbarhimsnr@quantcast.com,661-589-7560,$315.10
Kids,235,California,lpetscheltns@java.com,559-576-8945,$930.38
Toys,191,California,mwearnent@economist.com,760-159-3861,$77.25
Home,221,California,iladsonnu@usnews.com,323-460-5313,$856.64
Garden,269,California,sstappardnv@cbsnews.com,209-845-3510,$754.00
Kids,46,California,mkordovaninw@kickstarter.com,530-457-6676,$312.70
Shoes,65,California,knezeynx@wikimedia.org,916-342-0053,$113.04
Automotive,50,California,amctrustrieny@nbcnews.com,818-312-9749,$327.14
Clothing,435,California,uelmesnz@fotki.com,760-620-5822,$614.39
Grocery,56,California,wrunnetto0@nba.com,213-933-0920,$983.93
Toys,67,California,machrameevo1@chron.com,916-367-9014,$198.21
Tools,166,California,rastleto2@washingtonpost.com,619-169-7356,$346.18
Music,282,California,odegano3@xing.com,818-617-7860,$605.63
Games,193,California,ewaindo4@myspace.com,559-939-5842,$632.73
Industrial,233,California,agatisso5@nydailynews.com,562-120-8067,$819.85
Home,267,California,glenscho6@sourceforge.net,323-710-9925,$646.67
Industrial,472,California,askuseo7@apple.com,209-615-6149,$947.69
Sports,428,California,mdurretto8@salon.com,925-537-8526,$740.41
Jewelry,441,California,cgrinstono9@indiegogo.com,209-602-5318,$607.85
Music,411,California,trugierioa@illinois.edu,510-276-3362,$375.24
Games,112,California,nnathanob@diigo.com,714-539-2088,$347.51
Home,443,California,ggirodiasoc@nifty.com,714-897-4307,$774.41
Beauty,98,California,cfeakeod@jalbum.net,415-316-4430,$499.14
Automotive,60,California,epimlettoe@marketwatch.com,310-326-0747,$953.59
Books,377,California,rspieghtof@paginegialle.it,510-319-5727,$888.54
Sports,124,California,spasqualeog@wisc.edu,818-940-0267,$623.58
Computers,190,California,ccaslinoh@spiegel.de,714-502-3168,$657.61
Games,238,California,maickinoi@nymag.com,805-393-0929,$852.99
Industrial,353,California,vmcgeochoj@ustream.tv,650-292-5635,$480.51
Music,202,California,gtrollopeok@engadget.com,925-111-2033,$713.46
Games,101,California,kgabrieliol@apple.com,818-376-9428,$251.75
Movies,137,California,wbaythropom@icq.com,916-661-1045,$155.10
Computers,29,California,ldoleson@bizjournals.com,805-267-2331,$541.41
Automotive,216,California,smacintoshoo@bigcartel.com,213-721-5045,$980.08
Books,243,California,ctremonteop@imageshack.us,909-773-5418,$196.23
Music,341,California,istapellsoq@ft.com,562-127-0972,$949.33
Games,156,California,ppettitor@geocities.com,916-609-0999,$163.68
Toys,462,California,bstuckos@devhub.com,408-354-7619,$265.90
Outdoors,28,California,aolivettaot@tinyurl.com,510-361-5144,$394.38
Computers,177,California,minstockou@reddit.com,408-532-2726,$502.23
Games,38,California,cpaolettoov@godaddy.com,650-886-8766,$8.67
Electronics,155,California,hciobotaruow@posterous.com,650-941-9681,$520.69
Clothing,479,California,wcolesox@t-online.de,408-956-5803,$833.78
Grocery,261,California,twormsoy@meetup.com,213-715-9588,$139.62
Home,225,California,aglandoz@timesonline.co.uk,916-817-8369,$40.13
Electronics,128,California,gchaddp0@webeden.co.uk,559-675-1829,$239.42
Games,427,California,hfiltnessp1@studiopress.com,408-806-2610,$328.07
Home,343,California,eiacobuccip2@netscape.com,559-293-7567,$57.68
Kids,462,California,aemlinp3@noaa.gov,408-368-4935,$683.01
Garden,26,California,wiacabuccip4@google.it,626-808-7306,$390.14
Electronics,229,California,lpulsterp5@parallels.com,415-778-2808,$817.70
Automotive,276,California,mbeazerp6@homestead.com,408-108-6743,$304.11
Clothing,433,California,aferrottip7@biblegateway.com,916-276-4858,$719.37
Industrial,112,California,obuddingp8@reference.com,626-924-8817,$882.79
Garden,132,California,jmacpadenep9@auda.org.au,650-942-2859,$304.32
Automotive,401,California,mmcavinpa@businessinsider.com,530-969-0144,$681.86
Health,446,California,epettifordpb@kickstarter.com,949-753-6641,$409.11
Industrial,302,California,lgeorgepc@cam.ac.uk,916-737-0848,$270.17
Books,317,California,ttwattpd@craigslist.org,916-861-6019,$135.46
Jewelry,368,California,dradolfpe@irs.gov,415-292-5644,$690.09
Shoes,163,California,hgoveypf@ow.ly,415-358-4235,$917.31
Games,443,California,asimonelpg@shareasale.com,559-703-8735,$219.42
Industrial,381,California,mnajaraph@behance.net,805-888-8215,$495.97
Books,485,California,ccaldronipi@imdb.com,916-472-0214,$818.46
Health,309,California,dpascallpj@dropbox.com,805-830-8229,$850.39
Garden,297,California,czanardiipk@kickstarter.com,209-490-9588,$598.44
Baby,199,California,sblasepl@geocities.com,415-246-0569,$157.32
Baby,53,California,eshovellerpm@mapquest.com,213-581-7821,$191.84
Beauty,289,California,kholylandpn@networkadvertising.org,714-191-2126,$908.80
Computers,165,California,bkinmanpo@imgur.com,916-948-3664,$237.47
Outdoors,120,California,larnaudinpp@berkeley.edu,949-165-8353,$526.67
Electronics,497,California,twearingpq@comcast.net,916-598-4785,$14.16
Toys,206,California,fsenyardpr@indiegogo.com,510-922-9949,$396.44
Books,250,California,kmindenhallps@dagondesign.com,916-411-0903,$608.78
Home,233,California,obramichpt@wiley.com,415-567-9792,$84.56
Computers,389,California,mhowsinpu@amazon.co.uk,310-368-5391,$277.68
Beauty,64,California,bhugninpv@vinaora.com,714-156-0999,$756.09
Toys,484,California,bbrushfieldpw@yellowpages.com,661-539-3909,$363.40
Shoes,194,California,tbriarspx@google.com,909-295-6082,$565.62
Outdoors,447,California,lgrettonpy@virginia.edu,619-215-1320,$703.89
Electronics,496,California,npullinpz@foxnews.com,510-325-0566,$703.45
Grocery,423,California,ccouchmanq0@umn.edu,559-623-5835,$896.14
Music,478,California,ksmeatonq1@ucsd.edu,562-197-3535,$870.04
Music,418,California,rbeeckq2@mtv.com,661-287-9208,$108.85
Health,389,California,tweatherhillq3@google.com,650-829-7247,$100.09
Baby,318,California,dbirdfieldq4@jigsy.com,760-169-5974,$853.45
Garden,76,California,lcicettiq5@salon.com,909-388-0536,$43.39
Clothing,475,California,ahardacreq6@g.co,916-805-4156,$440.11
Books,39,California,nkrystekq7@barnesandnoble.com,909-959-2489,$525.61
Music,490,California,gjullianq8@loc.gov,909-350-5263,$462.53
Health,153,California,ainmanq9@noaa.gov,916-457-4092,$691.31
Baby,395,California,ipanonsqa@1und1.de,916-342-4413,$288.36
Electronics,292,California,aapflerqb@examiner.com,714-712-4011,$187.21
Books,161,California,wfeatherstonqc@quantcast.com,323-474-2058,$943.80
Industrial,121,California,cbanisterqd@ca.gov,650-180-7331,$511.29
Kids,287,California,callcottqe@unicef.org,916-111-0777,$881.46
Movies,399,California,dscallyqf@wisc.edu,323-190-4800,$997.02
Outdoors,402,California,bboydaqg@linkedin.com,209-464-0057,$279.94
Books,215,California,wspinneyqh@digg.com,415-867-8480,$827.89
Sports,258,California,afredianiqi@blinklist.com,323-231-2829,$527.76
Electronics,328,California,gfleemingqj@shutterfly.com,626-109-1953,$813.77
Grocery,262,California,cbraneyqk@yandex.ru,951-512-8353,$214.82
Beauty,296,California,acoghlanql@noaa.gov,619-859-0867,$172.01
Beauty,90,California,fstevensonqm@vistaprint.com,619-241-4622,$389.24
Beauty,125,California,jflintiffqn@oracle.com,626-705-3003,$454.45
Garden,397,California,ccallardqo@desdev.cn,310-611-3290,$252.49
Automotive,422,California,jhallyburtonqp@nbcnews.com,650-119-3420,$993.33
Kids,155,California,rfriedenbachqq@facebook.com,213-214-9281,$863.89
Sports,437,California,surwinqr@soundcloud.com,415-749-0259,$362.01
Toys,139,California,lmcreedyqs@elpais.com,213-606-1475,$611.15
Garden,163,California,nbaisonqt@nba.com,626-254-5074,$43.11
Health,29,California,ccoringtonqu@about.com,818-472-2792,$923.94
Toys,438,California,glehrqv@chicagotribune.com,760-265-4061,$337.85
Industrial,480,California,gshaddickqw@myspace.com,619-754-5986,$44.09
Tools,293,California,mdabelsqx@nba.com,619-738-7782,$996.45
Computers,223,California,eluciaqy@ycombinator.com,714-524-4369,$835.64
Garden,195,California,mrossettiqz@purevolume.com,916-704-8982,$162.58
Shoes,256,California,glowrer0@cpanel.net,408-187-1518,$415.79
Outdoors,153,California,rcorsarr1@amazon.com,213-660-3060,$163.70
Outdoors,306,California,estainesr2@sbwire.com,408-354-8516,$845.90
Toys,437,California,nbrownellr3@pen.io,559-320-4145,$109.40
Kids,188,California,alaffoleylaner4@skyrock.com,323-454-6225,$658.80
Health,274,California,dtrowelr5@ning.com,714-248-5141,$369.01
Games,46,California,smeddickr6@nifty.com,310-500-1660,$865.30
Industrial,340,California,bcaviller7@intel.com,415-311-7577,$491.65
Home,277,California,gsiever8@mysql.com,626-351-2813,$638.07
Automotive,246,California,ikrugr9@soup.io,916-188-5255,$687.22
Clothing,79,California,fscreasra@disqus.com,714-681-7231,$477.95
Garden,273,California,bscholterb@oracle.com,714-620-7122,$199.87
Home,33,California,driggerc@sciencedirect.com,626-872-6682,$526.82
Baby,352,California,sosannerd@time.com,415-686-8325,$358.63
Toys,54,California,fferberre@home.pl,310-809-1805,$327.19
Grocery,473,California,pklimschakrf@craigslist.org,916-532-8593,$314.59
Jewelry,240,California,ureilingerrg@technorati.com,213-847-0554,$209.18
Clothing,239,California,lmundierh@yandex.ru,213-217-6798,$534.29
Music,95,California,bsertinri@de.vu,209-734-3156,$341.69
Games,101,California,mmozzettirj@printfriendly.com,661-162-7109,$462.51
Kids,37,California,whubberrk@wix.com,408-393-3599,$389.86
Toys,262,California,mcaseyrl@nymag.com,559-926-7195,$684.78
Games,450,California,ppasquerm@google.co.uk,619-929-3709,$864.50
Automotive,178,California,lscroggiern@woothemes.com,559-700-4773,$532.90
Sports,252,California,zrodwellro@meetup.com,310-417-1089,$786.24
Industrial,85,California,lboissierrp@bloglines.com,209-920-1637,$530.97
Tools,496,California,bmanochrq@disqus.com,559-728-5276,$27.00
Kids,371,California,hpipesrr@google.de,510-431-9247,$568.19
